{"cameraMode":{"drawMode":0,"name":"Shaded","section":"Shading Mode"},"sceneLighting":false,"audioPlay":false,"sceneViewState":{"m_AlwaysRefresh":false,"showFog":true,"showSkybox":false,"showFlares":true,"showImageEffects":true,"showParticleSystems":true,"showVisualEffectGraphs":true,"m_FxEnabled":true},"in2DMode":false,"pivot":{"x":295.03521728515627,"y":298.5129089355469,"z":57.78546142578125},"rotation":{"x":-0.08504119515419007,"y":-0.04037519544363022,"z":0.003429374424740672,"w":-0.9955745339393616},"size":553.3189086914063,"orthographic":false}